filename,mfcc_1_mean,mfcc_1_std,mfcc_2_mean,mfcc_2_std,mfcc_3_mean,mfcc_3_std,mfcc_4_mean,mfcc_4_std,mfcc_5_mean,mfcc_5_std,mfcc_6_mean,mfcc_6_std,mfcc_7_mean,mfcc_7_std,mfcc_8_mean,mfcc_8_std,mfcc_9_mean,mfcc_9_std,mfcc_10_mean,mfcc_10_std,mfcc_11_mean,mfcc_11_std,mfcc_12_mean,mfcc_12_std,mfcc_13_mean,mfcc_13_std,zcr_mean,zcr_std,spectral_centroid_mean,spectral_centroid_std,spectral_bandwidth_mean,spectral_bandwidth_std,spectral_rolloff_mean,spectral_rolloff_std,label
nor_file_20.wav,-198.2371,10.7364,-267.1577,19.4974,-193.9718,27.9516,-192.88,22.0176,-188.5466,19.9043,-230.1025,15.8474,-153.9197,26.306,-156.3972,17.9383,-247.2483,10.6873,-148.5361,15.3076,-87.6292,9.3433,-172.2618,12.0396,-195.1796,8.3534,0.0346,0.0188,2174.3816,204.0764,827.0093,220.3141,2613.425,256.826,normal
nor_file_17.wav,-250.4592,15.3322,-151.3138,18.7905,-204.2447,14.7691,-128.3484,24.8896,-287.7417,17.6515,-215.3955,23.3726,-255.8911,25.0403,-217.1803,18.0958,-168.855,26.191,-188.0652,19.7425,-191.402,25.0055,-187.1633,14.8118,-170.8475,17.9763,0.0388,0.0098,1725.2619,303.4675,1262.7855,128.4011,3785.12,231.7328,normal
nor_file_16.wav,-118.6262,8.2146,-139.7167,12.1812,-212.3766,18.5018,-247.6127,11.275,-313.4038,11.3181,-204.4573,24.7261,-71.0813,27.7827,-160.4302,19.1194,-205.1808,24.7814,-159.0714,27.8064,-250.2431,10.8319,-193.3796,16.9649,-175.5235,15.8515,0.0625,0.0208,1840.3801,213.8654,1159.5574,128.9483,2908.4333,192.0553,normal
abnor_file_07.wav,-173.1428,23.8432,-89.2932,37.9441,-208.8196,41.3013,-157.3819,42.0493,-167.1681,44.5371,-137.5623,44.471,-119.6625,43.59,-190.4341,17.1547,-95.1645,19.1338,-131.5349,24.134,-239.057,31.5869,-242.7225,17.9093,-135.6776,40.3739,0.06,0.0286,2266.2251,240.7813,1590.8888,320.3866,3759.1862,507.2953,abnormal
nor_file_05.wav,-165.8919,25.9232,-142.2843,10.805,-90.1471,19.0807,-48.8762,10.1715,-161.3516,21.4448,-224.5292,13.6247,-275.9421,21.1885,-167.953,22.5399,-216.5823,23.3729,-198.6911,10.1548,-207.5444,26.3202,-186.3356,12.6043,-132.0309,8.7483,0.0363,0.0143,1462.5147,281.6503,1024.2682,252.4639,3450.2181,319.0654,normal
nor_file_13.wav,-197.7184,21.9624,-156.5475,24.7596,-191.9627,8.803,-185.2894,12.0356,-142.6716,10.4985,-269.6877,18.0906,-238.3413,22.9038,-246.6983,20.6002,-285.0127,25.0226,-210.5219,11.1043,-146.2755,22.6924,-192.8198,11.8608,-171.0994,13.4152,0.0546,0.0247,1266.2365,130.9001,989.864,106.7761,3114.7937,371.5861,normal
abnor_file_18.wav,-178.5889,26.7448,-133.5378,24.8779,-103.6205,28.5314,-100.9995,32.038,-49.6466,28.8545,-64.7661,34.7626,-190.071,31.632,-42.4028,24.6215,-164.2037,25.3719,-77.532,26.3578,-131.2607,17.8392,-157.6682,19.9819,-234.4233,36.6934,0.0768,0.0204,2248.7791,361.3295,1659.5754,315.358,4829.6652,459.0881,abnormal
abnor_file_08.wav,-108.6618,27.407,-219.4603,28.4958,-113.567,22.3578,-129.3596,36.3074,-143.1093,40.54,-47.6448,41.2373,-169.2214,25.1797,-21.6836,30.9255,-147.3987,22.4522,-205.2359,22.3439,-131.1544,19.8376,-194.1935,43.2006,-176.3466,41.6397,0.0647,0.0279,3296.9787,307.139,1844.8273,236.9126,4360.5706,293.9823,abnormal
abnor_file_20.wav,-93.538,15.7191,-148.8106,30.6137,-271.439,28.9103,-189.803,35.7038,-67.1904,19.9018,-287.7897,35.0499,-154.1138,26.302,-199.9,33.5614,-90.7486,16.2029,-172.1313,28.8518,-112.7825,30.6675,-103.8997,21.4298,-34.0076,19.1887,0.0884,0.0236,1966.3553,407.3568,1794.5334,311.7939,5787.5958,278.2573,abnormal
nor_file_07.wav,-175.9237,17.7717,-151.0228,21.2573,-272.2577,27.1125,-182.1923,13.7289,-217.9454,26.4962,-234.8466,8.4972,-219.5169,19.104,-195.0356,20.6795,-138.7844,10.1179,-239.6877,10.8068,-178.6216,16.3823,-201.7876,27.3246,-194.7453,19.9209,0.0348,0.0217,1237.7953,276.9527,1328.9013,117.463,2726.0955,395.1406,normal
abnor_file_06.wav,-113.2236,41.6271,-49.1209,26.8389,-197.0279,24.574,-155.8894,33.2622,-176.4091,32.4297,-184.189,27.2742,-152.9444,33.0532,-56.4883,43.0614,-33.9437,29.0292,-153.4767,20.9023,-30.2217,26.3162,-133.0433,26.8232,-38.547,18.9333,0.0811,0.0321,1578.3649,409.1756,1356.2932,169.7849,4253.271,558.3626,abnormal
nor_file_10.wav,-182.7596,13.7631,-227.3804,22.6979,-195.0505,12.0481,-121.498,21.896,-153.7805,25.2144,-102.046,10.6421,-127.0165,20.2876,-160.2411,9.9019,-101.5229,22.5143,-160.2453,9.6899,-142.7405,26.7188,-193.3457,10.7482,-177.0054,27.1776,0.0388,0.0181,1973.1368,279.023,996.5707,140.5413,2409.2359,205.6633,normal
nor_file_14.wav,-138.2266,20.9847,-207.225,26.8119,-204.0255,10.9688,-228.1389,18.1671,-209.4427,16.0807,-160.7449,17.4834,-188.516,10.3844,-165.2102,10.6819,-163.7135,13.5615,-120.5702,14.0941,-195.4254,16.5581,-246.4586,20.2198,-131.975,20.6926,0.0488,0.0149,1193.6514,237.6612,970.654,105.7696,3009.4255,308.0158,normal
abnor_file_12.wav,-123.8474,25.0233,-162.5199,22.3262,-108.3161,42.3802,-164.0355,42.7162,-135.0766,40.2997,-80.7625,44.3461,-165.6774,37.3497,-90.6877,37.94,-97.7429,37.8777,-187.5135,29.4182,-81.4358,28.6936,-96.5789,22.2068,-129.3941,34.3446,0.0824,0.0214,2650.1271,278.3958,2208.9176,313.2112,5205.7877,308.6948,abnormal
abnor_file_15.wav,-59.0061,17.5795,-144.0716,20.2887,-64.1356,20.2604,-131.6062,39.6932,-132.9525,26.9552,-139.8838,44.7117,-134.7912,19.1163,-40.4663,34.6062,-262.5786,28.4619,-245.085,26.7875,-164.8744,41.2525,-134.201,44.2679,-97.0443,41.1858,0.0495,0.0205,2286.5327,249.3801,1172.436,263.2841,3611.3267,539.9914,abnormal
nor_file_09.wav,-212.4701,26.0531,-165.7578,27.5914,-184.3779,24.0405,-85.8074,23.5896,-109.199,20.8497,-162.6369,23.5799,-214.3376,10.691,-230.0585,18.7214,-126.3986,18.2845,-168.1763,25.1514,-158.3935,17.256,-258.5064,15.7018,-138.2653,20.7913,0.0486,0.0104,1135.1474,203.3779,1681.8376,158.8019,3761.4882,268.4238,normal
nor_file_18.wav,-187.1842,26.0666,-209.3812,22.4139,-155.3207,27.2642,-171.5412,23.6401,-245.1657,25.336,-183.0591,10.2821,-168.2084,22.6483,-220.4863,16.8018,-171.457,19.0621,-245.467,21.082,-119.8716,27.3963,-123.8423,27.6916,-191.3633,13.7646,0.0669,0.0207,1601.6302,144.774,929.7327,224.3749,2861.6175,446.0958,normal
abnor_file_05.wav,-78.579,38.8809,-132.8598,30.6069,-181.4775,27.2388,-194.6034,17.8222,-116.0467,41.6897,-114.1396,26.8502,-64.1968,35.4774,-74.5011,19.4812,-142.2726,43.8465,-203.4313,20.3533,-152.5509,20.9863,-123.0523,40.7695,-146.1146,42.3775,0.0541,0.0267,1612.1697,390.8078,1710.821,253.4039,5271.3519,505.8976,abnormal
nor_file_01.wav,-166.2877,24.4552,-226.7993,16.8683,-146.2297,12.5448,-137.6746,19.0917,-267.7966,9.2763,-238.5981,24.5526,-174.2472,20.6333,-194.2309,23.1618,-180.7561,15.0905,-218.387,27.414,-140.4271,25.8624,-144.9994,23.5677,-177.0286,11.8928,0.0514,0.0087,1894.4564,256.6098,1785.4119,254.8016,2867.0422,280.0241,normal
abnor_file_14.wav,-66.6922,29.7377,-72.8445,41.7909,-101.2245,19.3173,-102.0909,41.3721,-106.4187,17.8829,-195.3536,19.6058,-96.4602,31.0152,-209.5698,17.0256,-178.703,16.5842,-63.3039,15.0156,-88.7879,28.0895,-53.1931,38.2387,-149.9421,16.0452,0.0701,0.0356,2405.6993,215.2473,965.8922,314.6249,4089.5413,536.72,abnormal
nor_file_06.wav,-181.8343,21.2332,-209.4654,15.4732,-159.9268,9.8893,-200.4743,22.9358,-235.1523,13.2492,-237.5072,26.7363,-172.2335,12.8194,-108.9409,10.4552,-172.8004,24.6223,-185.3387,11.0657,-167.1378,11.5854,-121.2299,19.9877,-170.1278,25.4912,0.0619,0.0133,1975.1644,314.3653,1248.7195,123.0236,3419.4235,242.0071,normal
nor_file_12.wav,-120.1968,17.171,-141.4443,16.8463,-142.1181,14.0385,-155.0648,26.3688,-75.2556,23.6259,-189.2323,10.2118,-270.1585,27.9407,-107.8086,25.584,-200.5965,13.6782,-175.1454,24.7379,-121.0702,10.1284,-252.1017,27.9821,-236.3241,21.3137,0.0467,0.0095,1830.224,125.7999,1073.8317,122.8835,3327.9045,233.5151,normal
nor_file_02.wav,-152.2809,10.795,-129.1962,11.9982,-185.1276,8.1472,-217.807,23.7385,-217.1017,21.297,-150.7233,22.1033,-146.5536,23.6146,-155.5581,17.1783,-209.9479,19.3748,-169.5527,10.7959,-174.7491,10.2906,-170.159,21.3681,-140.7857,17.4219,0.0248,0.021,1806.9636,230.7159,1427.8066,148.632,2973.3287,297.9137,normal
abnor_file_10.wav,-210.0608,32.9909,-149.0708,29.1835,-175.8206,43.5018,-84.1603,25.2814,-133.0963,20.3171,-150.5538,35.3428,-140.84,40.3802,-122.7283,16.2076,-101.0752,28.489,-189.9842,41.7746,-192.2873,37.4886,-74.2426,44.7542,-157.6785,30.9424,0.0663,0.0226,3115.6735,267.9205,2160.1828,230.628,4582.1761,501.9239,abnormal
abnor_file_02.wav,-262.6196,27.4983,-188.0001,15.0498,-185.3336,18.3621,-146.0608,40.8829,-73.7869,15.037,-148.4783,30.245,-191.6948,29.6851,-138.1325,24.9928,-77.2955,27.9398,-188.6777,38.4174,-185.0816,40.2361,-104.2798,22.8105,-147.1845,24.6747,0.0339,0.027,2034.7011,234.7807,1798.9054,336.0769,3387.8713,411.2694,abnormal
nor_file_03.wav,-141.3911,11.3395,-188.6087,8.4542,-237.4059,9.801,-230.9979,22.4472,-221.3754,17.2375,-157.6278,11.2254,-173.5908,18.0209,-148.9282,11.0462,-199.2264,21.9264,-172.8657,16.9231,-151.8484,15.6204,-193.9206,14.0302,-159.4451,20.6057,0.0248,0.0095,1287.0551,312.3795,1349.9436,211.9531,2954.1943,441.6776,normal
abnor_file_11.wav,-128.3352,24.7964,-127.808,20.9343,-89.6936,38.3445,-138.2605,40.8189,-175.1108,22.4004,-157.796,35.0355,-100.1349,18.8809,-134.8354,23.2546,-116.2885,19.1596,-98.1456,23.5056,-155.6163,35.2421,-93.4064,42.3098,-114.1637,21.0757,0.0861,0.0325,2286.0028,326.4145,1712.621,275.0956,5136.4258,591.6449,abnormal
abnor_file_17.wav,-161.7407,17.9949,-111.8875,18.2221,-140.6318,18.4598,-170.781,33.5871,-172.0817,18.6591,-174.1785,40.5715,-183.373,37.6281,-9.5102,39.5943,-118.6369,30.7818,-86.2283,44.9003,-161.8993,16.3253,-145.2276,27.0379,-174.2455,24.7181,0.0646,0.0294,2704.7845,220.8819,1307.031,249.7279,4369.2044,389.1338,abnormal
nor_file_04.wav,-196.0319,22.3893,-146.8118,16.6419,-222.0128,20.5462,-189.2447,19.682,-222.751,20.9969,-195.2565,9.6889,-142.1861,16.3161,-257.7294,8.8323,-160.4509,17.8798,-169.3019,14.5972,-206.7367,10.8905,-245.0726,10.0681,-176.7542,19.7529,0.0373,0.0237,1613.5666,189.374,1408.7877,103.6486,2243.9759,310.2219,normal
abnor_file_16.wav,-35.9042,24.4425,-157.6462,31.9229,-154.9971,35.2996,-198.2062,16.9824,-239.9472,15.032,-141.4284,21.3683,-189.8819,41.8353,-139.6668,34.3887,-223.0113,20.1588,-176.9086,41.7079,-126.8255,29.0987,-114.8585,29.2828,-112.039,43.0663,0.0885,0.0204,3332.2181,226.9168,1375.7134,192.8185,3453.3752,322.4448,abnormal
abnor_file_04.wav,-116.2565,20.1883,-233.0986,30.2188,-130.4008,44.7532,-165.5906,15.1202,-205.3913,15.4974,-42.5001,44.7925,-39.9053,32.5392,-60.2429,18.8073,-120.9633,41.9191,-60.7156,41.4114,-134.3371,31.086,-123.8461,33.6538,-195.1409,23.1956,0.0616,0.0299,2680.0498,339.2691,1074.6524,153.6321,5096.5611,330.9482,abnormal
abnor_file_13.wav,-138.3139,42.987,-193.9579,44.4246,-109.9737,17.0892,-55.5181,19.1399,-139.2546,38.7221,-145.8287,23.119,-196.3039,41.5455,-147.6111,34.9036,-222.6037,18.3553,-185.2083,39.9759,-122.5268,20.2907,-62.4543,27.7049,19.5066,31.5655,0.0752,0.0322,2531.1638,418.0901,2129.2025,169.0398,4695.6453,591.8324,abnormal
nor_file_11.wav,-165.9596,21.1573,-128.011,16.3722,-152.6057,23.4864,-283.108,21.4246,-166.3035,14.6728,-176.7585,25.9673,-161.3749,23.2506,-107.2706,13.4107,-272.8457,15.2838,-206.5997,14.2888,-153.4092,11.1522,-251.1717,10.9557,-113.5823,26.7225,0.0323,0.0145,2268.5094,230.5986,1044.4375,224.8482,3748.8504,281.6171,normal
abnor_file_03.wav,-110.3702,40.4831,-131.7949,15.1422,-104.8194,40.6011,-145.3219,33.5736,-119.7021,19.8823,-126.3035,38.1881,-92.2228,40.6647,-90.6145,22.6279,-224.093,42.5638,-258.5998,28.6337,-79.904,33.1027,-69.6751,44.5395,-191.1343,25.8461,0.0584,0.023,2737.8319,324.1761,2137.3828,232.8052,4892.0114,277.3379,abnormal
nor_file_19.wav,-169.1253,21.5061,-259.8733,22.2652,-156.8065,23.4744,-205.9892,25.3091,-122.6499,22.7886,-208.2414,24.0174,-208.6477,8.9793,-155.6491,12.6907,-145.6683,20.438,-159.8355,25.1625,-255.8519,8.09,-155.7885,18.2926,-226.5439,21.5457,0.0507,0.0148,1605.9266,254.3226,989.8535,236.445,4247.109,410.4031,normal
abnor_file_01.wav,-139.4873,31.8447,-228.8109,38.7592,-223.8612,38.5147,-108.4863,28.1516,-163.7495,29.2877,-276.0609,44.8411,-91.8336,35.2379,-120.0197,39.4392,-174.2631,42.0766,-207.4257,38.6277,-89.0306,20.5554,-115.7857,31.8651,-3.9569,18.0568,0.0667,0.0389,2591.3348,283.9134,2033.2188,341.9549,3638.636,264.3777,abnormal
nor_file_08.wav,-276.628,9.3312,-187.32,19.8887,-227.8086,10.9235,-203.8248,24.4933,-219.4587,14.2067,-184.2418,10.8774,-259.0978,26.4194,-246.017,11.3106,-84.1839,13.6944,-237.934,11.0723,-229.3554,10.3098,-97.3389,8.423,-49.272,9.1079,0.0478,0.0089,1915.0385,256.1429,1288.8573,150.8786,3234.551,416.2513,normal
nor_file_15.wav,-130.2303,22.7341,-223.2941,25.7281,-164.3531,26.4211,-198.3185,18.0727,-192.7964,18.4055,-171.6603,23.9974,-152.1373,14.289,-195.2666,24.7476,-132.1267,17.8828,-231.3872,10.3171,-179.7147,9.4412,-63.1047,24.8399,-169.9614,9.1114,0.0416,0.0137,1641.9644,182.7787,792.1485,102.3493,1905.9722,411.268,normal
abnor_file_09.wav,-110.3422,27.0135,-70.9081,30.9566,-44.3933,20.6172,-117.9709,44.6581,-102.5749,39.5492,-198.2975,37.2484,-139.8332,29.0628,-83.2841,19.5863,-87.3717,42.62,-123.3615,25.2416,-86.2483,16.5032,-108.0078,25.2721,-68.9832,38.8337,0.1154,0.0338,2633.6163,230.8691,1745.8595,237.5979,4212.218,250.8081,abnormal
abnor_file_19.wav,-102.3545,29.8925,-50.4669,28.9727,-55.286,15.1642,-155.622,38.5995,-114.4821,24.9215,-169.298,41.3629,-133.7155,26.1918,-167.9862,31.9523,-45.8961,23.1103,-114.9966,19.8176,-146.9916,38.2472,-69.351,29.8977,-254.3838,31.0946,0.0902,0.0391,2152.3624,225.0262,1362.1271,325.6295,2632.4783,533.837,abnormal
